pick_id,timestamp,prob,type,network,station,location,instrument_type,author,creation_time,event_start_time,event_end_time,detection_probability,snr,station_lat,station_lon,station_elv,file_name,id,event_idx,prob_gamma
20191224.195640.49-P-CM.URMC.00.HH,2019-12-24 19:56:40.498393,0.79,P,CM,URMC,00,HH,EQTransformer,2023-01-18 10:13:58.487156,2019-12-24 19:56:40.338393,2019-12-24 19:56:46.028393,0.87,27.0,3.24719,-74.37879,725.0,/home/emmanuel/SeisMonitor/out/downloads/URMC/CM.URMC.00.HHZ__20191224T185959Z__20191224T205959Z.mseed,CM.URMC.00.HH,0,1.965125602997957e-06
20191224.195644.42-S-CM.URMC.00.HH,2019-12-24 19:56:44.428393,0.62,S,CM,URMC,00,HH,EQTransformer,2023-01-18 10:13:58.564482,2019-12-24 19:56:40.338393,2019-12-24 19:56:46.028393,0.87,11.8,3.24719,-74.37879,725.0,/home/emmanuel/SeisMonitor/out/downloads/URMC/CM.URMC.00.HHZ__20191224T185959Z__20191224T205959Z.mseed,CM.URMC.00.HH,0,2.4283749093416853e-06
20191224.195655.86-P-CM.ORTC.00.HH,2019-12-24 19:56:55.868393,0.65,P,CM,ORTC,00,HH,EQTransformer,2023-01-18 10:13:58.487156,2019-12-24 19:56:55.498393,2019-12-24 19:57:22.998393,0.96,11.9,3.909,-75.246,446.0,/home/emmanuel/SeisMonitor/out/downloads/ORTC/CM.ORTC.00.HHN__20191224T185959Z__20191224T205959Z.mseed,CM.ORTC.00.HH,0,8.232169860340049e-06
20191224.195657.64-P-CM.CHI.00.HH,2019-12-24 19:56:57.648394,0.54,P,CM,CHI,00,HH,EQTransformer,2023-01-18 10:13:58.487156,2019-12-24 19:56:57.348394,2019-12-24 19:57:22.168394,0.88,18.1,4.6295,-73.7371,3140.0,/home/emmanuel/SeisMonitor/out/downloads/CHI/CM.CHI.00.HHE__20191224T185959Z__20191224T205959Z.mseed,CM.CHI.00.HH,0,1.083986087858577e-05
20191224.195710.48-S-CM.CHI.00.HH,2019-12-24 19:57:10.488394,0.04,S,CM,CHI,00,HH,EQTransformer,2023-01-18 10:13:58.564482,2019-12-24 19:56:57.348394,2019-12-24 19:57:22.168394,0.88,2.7,4.6295,-73.7371,3140.0,/home/emmanuel/SeisMonitor/out/downloads/CHI/CM.CHI.00.HHE__20191224T185959Z__20191224T205959Z.mseed,CM.CHI.00.HH,0,7.70645104884309e-06
20191224.191035.99-P-CM.ORTC.00.HH,2019-12-24 19:10:35.998393,0.92,P,CM,ORTC,00,HH,EQTransformer,2023-01-18 10:13:58.487156,2019-12-24 19:10:35.948393,2019-12-24 19:11:04.798393,0.99,2.5,3.909,-75.246,446.0,/home/emmanuel/SeisMonitor/out/downloads/ORTC/CM.ORTC.00.HHN__20191224T185959Z__20191224T205959Z.mseed,CM.ORTC.00.HH,1,1.965125602997957e-06
20191224.191038.10-P-CM.CHI.00.HH,2019-12-24 19:10:38.108394,0.46,P,CM,CHI,00,HH,EQTransformer,2023-01-18 10:13:58.487156,2019-12-24 19:10:37.918394,2019-12-24 19:11:03.618394,0.93,2.6,4.6295,-73.7371,3140.0,/home/emmanuel/SeisMonitor/out/downloads/CHI/CM.CHI.00.HHE__20191224T185959Z__20191224T205959Z.mseed,CM.CHI.00.HH,1,2.4283749093416853e-06
20191224.191055.92-S-CM.CHI.00.HH,2019-12-24 19:10:55.928394,0.18,S,CM,CHI,00,HH,EQTransformer,2023-01-18 10:13:58.564482,2019-12-24 19:10:37.918394,2019-12-24 19:11:03.618394,0.93,1.6,4.6295,-73.7371,3140.0,/home/emmanuel/SeisMonitor/out/downloads/CHI/CM.CHI.00.HHE__20191224T185959Z__20191224T205959Z.mseed,CM.CHI.00.HH,1,8.232169860340049e-06
20191224.191056.33-S-CM.ORTC.00.HH,2019-12-24 19:10:56.338393,0.54,S,CM,ORTC,00,HH,EQTransformer,2023-01-18 10:13:58.564482,2019-12-24 19:10:35.948393,2019-12-24 19:11:04.798393,0.99,13.2,3.909,-75.246,446.0,/home/emmanuel/SeisMonitor/out/downloads/ORTC/CM.ORTC.00.HHN__20191224T185959Z__20191224T205959Z.mseed,CM.ORTC.00.HH,1,1.083986087858577e-05
20191224.191111.34-S-CM.URMC.00.HH,2019-12-24 19:11:11.348393,0.46,S,CM,URMC,00,HH,EQTransformer,2023-01-18 10:13:58.564482,2019-12-24 19:11:06.968393,2019-12-24 19:11:13.388393,0.89,18.0,3.24719,-74.37879,725.0,/home/emmanuel/SeisMonitor/out/downloads/URMC/CM.URMC.00.HHZ__20191224T185959Z__20191224T205959Z.mseed,CM.URMC.00.HH,1,7.70645104884309e-06
20191224.193210.98-P-CM.ORTC.00.HH,2019-12-24 19:32:10.988393,0.72,P,CM,ORTC,00,HH,EQTransformer,2023-01-18 10:13:58.487156,2019-12-24 19:32:10.958393,2019-12-24 19:32:29.988393,0.3,12.1,3.909,-75.246,446.0,/home/emmanuel/SeisMonitor/out/downloads/ORTC/CM.ORTC.00.HHN__20191224T185959Z__20191224T205959Z.mseed,CM.ORTC.00.HH,2,1.965125602997957e-06
20191224.193216.08-P-CM.CHI.00.HH,2019-12-24 19:32:16.088394,0.1,P,CM,CHI,00,HH,EQTransformer,2023-01-18 10:13:58.487156,2019-12-24 19:32:11.998394,2019-12-24 19:32:37.278394,0.61,2.9,4.6295,-73.7371,3140.0,/home/emmanuel/SeisMonitor/out/downloads/CHI/CM.CHI.00.HHE__20191224T185959Z__20191224T205959Z.mseed,CM.CHI.00.HH,2,2.4283749093416853e-06
20191224.193222.13-P-CM.URMC.00.HH,2019-12-24 19:32:22.138393,0.49,P,CM,URMC,00,HH,EQTransformer,2023-01-18 10:13:58.487156,2019-12-24 19:32:21.958393,2019-12-24 19:32:28.438393,0.94,13.9,3.24719,-74.37879,725.0,/home/emmanuel/SeisMonitor/out/downloads/URMC/CM.URMC.00.HHZ__20191224T185959Z__20191224T205959Z.mseed,CM.URMC.00.HH,2,8.232169860340049e-06
20191224.193226.24-S-CM.ORTC.00.HH,2019-12-24 19:32:26.248393,0.06,S,CM,ORTC,00,HH,EQTransformer,2023-01-18 10:13:58.564482,2019-12-24 19:32:10.958393,2019-12-24 19:32:29.988393,0.3,5.0,3.909,-75.246,446.0,/home/emmanuel/SeisMonitor/out/downloads/ORTC/CM.ORTC.00.HHN__20191224T185959Z__20191224T205959Z.mseed,CM.ORTC.00.HH,2,1.083986087858577e-05
20191224.193230.59-S-CM.CHI.00.HH,2019-12-24 19:32:30.598394,0.35,S,CM,CHI,00,HH,EQTransformer,2023-01-18 10:13:58.564482,2019-12-24 19:32:11.998394,2019-12-24 19:32:37.278394,0.61,2.9,4.6295,-73.7371,3140.0,/home/emmanuel/SeisMonitor/out/downloads/CHI/CM.CHI.00.HHE__20191224T185959Z__20191224T205959Z.mseed,CM.CHI.00.HH,2,7.70645104884309e-06
20191224.192527.94-P-CM.URMC.00.HH,2019-12-24 19:25:27.948393,0.78,P,CM,URMC,00,HH,EQTransformer,2023-01-18 10:13:58.487156,2019-12-24 19:25:27.828393,2019-12-24 19:25:33.848393,0.9,17.2,3.24719,-74.37879,725.0,/home/emmanuel/SeisMonitor/out/downloads/URMC/CM.URMC.00.HHZ__20191224T185959Z__20191224T205959Z.mseed,CM.URMC.00.HH,3,1.965125602997957e-06
20191224.192531.73-S-CM.URMC.00.HH,2019-12-24 19:25:31.738393,0.29,S,CM,URMC,00,HH,EQTransformer,2023-01-18 10:13:58.564482,2019-12-24 19:25:27.828393,2019-12-24 19:25:33.848393,0.9,17.1,3.24719,-74.37879,725.0,/home/emmanuel/SeisMonitor/out/downloads/URMC/CM.URMC.00.HHZ__20191224T185959Z__20191224T205959Z.mseed,CM.URMC.00.HH,3,2.4283749093416853e-06
20191224.192542.83-P-CM.ORTC.00.HH,2019-12-24 19:25:42.838393,0.72,P,CM,ORTC,00,HH,EQTransformer,2023-01-18 10:13:58.487156,2019-12-24 19:25:42.748393,2019-12-24 19:26:04.598393,0.86,14.7,3.909,-75.246,446.0,/home/emmanuel/SeisMonitor/out/downloads/ORTC/CM.ORTC.00.HHN__20191224T185959Z__20191224T205959Z.mseed,CM.ORTC.00.HH,3,8.232169860340049e-06
20191224.192545.43-P-CM.CHI.00.HH,2019-12-24 19:25:45.438394,0.07,P,CM,CHI,00,HH,EQTransformer,2023-01-18 10:13:58.487156,2019-12-24 19:25:45.518394,2019-12-24 19:25:49.348394,0.11,6.7,4.6295,-73.7371,3140.0,/home/emmanuel/SeisMonitor/out/downloads/CHI/CM.CHI.00.HHE__20191224T185959Z__20191224T205959Z.mseed,CM.CHI.00.HH,3,1.083986087858577e-05
20191224.192558.24-S-CM.ORTC.00.HH,2019-12-24 19:25:58.248393,0.45,S,CM,ORTC,00,HH,EQTransformer,2023-01-18 10:13:58.564482,2019-12-24 19:25:42.748393,2019-12-24 19:26:04.598393,0.86,6.8,3.909,-75.246,446.0,/home/emmanuel/SeisMonitor/out/downloads/ORTC/CM.ORTC.00.HHN__20191224T185959Z__20191224T205959Z.mseed,CM.ORTC.00.HH,3,7.70645104884309e-06
20191224.194322.63-P-CM.URMC.00.HH,2019-12-24 19:43:22.638393,0.7,P,CM,URMC,00,HH,EQTransformer,2023-01-18 10:13:58.487156,2019-12-24 19:43:22.508393,2019-12-24 19:43:28.308393,0.71,16.4,3.24719,-74.37879,725.0,/home/emmanuel/SeisMonitor/out/downloads/URMC/CM.URMC.00.HHZ__20191224T185959Z__20191224T205959Z.mseed,CM.URMC.00.HH,4,1.965125602997957e-06
20191224.194338.83-P-CM.ORTC.00.HH,2019-12-24 19:43:38.838393,0.23,P,CM,ORTC,00,HH,EQTransformer,2023-01-18 10:13:58.487156,2019-12-24 19:43:38.108393,2019-12-24 19:44:06.718393,0.9,4.9,3.909,-75.246,446.0,/home/emmanuel/SeisMonitor/out/downloads/ORTC/CM.ORTC.00.HHN__20191224T185959Z__20191224T205959Z.mseed,CM.ORTC.00.HH,4,2.4283749093416853e-06
20191224.194340.75-P-CM.CHI.00.HH,2019-12-24 19:43:40.758394,0.36,P,CM,CHI,00,HH,EQTransformer,2023-01-18 10:13:58.487156,2019-12-24 19:43:39.978394,2019-12-24 19:44:06.828394,0.78,5.1,4.6295,-73.7371,3140.0,/home/emmanuel/SeisMonitor/out/downloads/CHI/CM.CHI.00.HHE__20191224T185959Z__20191224T205959Z.mseed,CM.CHI.00.HH,4,8.232169860340049e-06
20191224.194358.15-S-CM.ORTC.00.HH,2019-12-24 19:43:58.158393,0.28,S,CM,ORTC,00,HH,EQTransformer,2023-01-18 10:13:58.564482,2019-12-24 19:43:38.108393,2019-12-24 19:44:06.718393,0.9,5.2,3.909,-75.246,446.0,/home/emmanuel/SeisMonitor/out/downloads/ORTC/CM.ORTC.00.HHN__20191224T185959Z__20191224T205959Z.mseed,CM.ORTC.00.HH,4,1.083986087858577e-05
20191224.194358.95-S-CM.CHI.00.HH,2019-12-24 19:43:58.958394,0.19,S,CM,CHI,00,HH,EQTransformer,2023-01-18 10:13:58.564482,2019-12-24 19:43:39.978394,2019-12-24 19:44:06.828394,0.78,3.5,4.6295,-73.7371,3140.0,/home/emmanuel/SeisMonitor/out/downloads/CHI/CM.CHI.00.HHE__20191224T185959Z__20191224T205959Z.mseed,CM.CHI.00.HH,4,7.70645104884309e-06
20191224.200952.91-P-CM.URMC.00.HH,2019-12-24 20:09:52.918393,0.52,P,CM,URMC,00,HH,EQTransformer,2023-01-18 10:13:58.487156,2019-12-24 20:09:52.768393,2019-12-24 20:09:58.778393,0.35,21.2,3.24719,-74.37879,725.0,/home/emmanuel/SeisMonitor/out/downloads/URMC/CM.URMC.00.HHZ__20191224T185959Z__20191224T205959Z.mseed,CM.URMC.00.HH,5,1.965125602997957e-06
20191224.200957.20-S-CM.URMC.00.HH,2019-12-24 20:09:57.208393,0.3,S,CM,URMC,00,HH,EQTransformer,2023-01-18 10:13:58.564482,2019-12-24 20:09:52.768393,2019-12-24 20:09:58.778393,0.35,8.3,3.24719,-74.37879,725.0,/home/emmanuel/SeisMonitor/out/downloads/URMC/CM.URMC.00.HHZ__20191224T185959Z__20191224T205959Z.mseed,CM.URMC.00.HH,5,2.4283749093416853e-06
20191224.201008.17-P-CM.ORTC.00.HH,2019-12-24 20:10:08.178393,0.52,P,CM,ORTC,00,HH,EQTransformer,2023-01-18 10:13:58.487156,2019-12-24 20:10:07.938393,2019-12-24 20:10:30.318393,0.96,5.8,3.909,-75.246,446.0,/home/emmanuel/SeisMonitor/out/downloads/ORTC/CM.ORTC.00.HHN__20191224T185959Z__20191224T205959Z.mseed,CM.ORTC.00.HH,5,8.232169860340049e-06
20191224.201010.01-P-CM.CHI.00.HH,2019-12-24 20:10:10.018394,0.74,P,CM,CHI,00,HH,EQTransformer,2023-01-18 10:13:58.487156,2019-12-24 20:10:09.738394,2019-12-24 20:10:34.828394,0.93,6.5,4.6295,-73.7371,3140.0,/home/emmanuel/SeisMonitor/out/downloads/CHI/CM.CHI.00.HHE__20191224T185959Z__20191224T205959Z.mseed,CM.CHI.00.HH,5,1.083986087858577e-05
20191224.201023.77-S-CM.ORTC.00.HH,2019-12-24 20:10:23.778393,0.55,S,CM,ORTC,00,HH,EQTransformer,2023-01-18 10:13:58.564482,2019-12-24 20:10:07.938393,2019-12-24 20:10:30.318393,0.96,5.3,3.909,-75.246,446.0,/home/emmanuel/SeisMonitor/out/downloads/ORTC/CM.ORTC.00.HHN__20191224T185959Z__20191224T205959Z.mseed,CM.ORTC.00.HH,5,7.70645104884309e-06
20191224.201027.24-S-CM.CHI.00.HH,2019-12-24 20:10:27.248394,0.17,S,CM,CHI,00,HH,EQTransformer,2023-01-18 10:13:58.564482,2019-12-24 20:10:09.738394,2019-12-24 20:10:34.828394,0.93,3.3,4.6295,-73.7371,3140.0,/home/emmanuel/SeisMonitor/out/downloads/CHI/CM.CHI.00.HHE__20191224T185959Z__20191224T205959Z.mseed,CM.CHI.00.HH,5,3.2489015124753175e-06
20191224.195851.63-P-CM.URMC.00.HH,2019-12-24 19:58:51.638393,0.84,P,CM,URMC,00,HH,EQTransformer,2023-01-18 10:13:58.487156,2019-12-24 19:58:51.558393,2019-12-24 19:58:57.538393,0.91,26.6,3.24719,-74.37879,725.0,/home/emmanuel/SeisMonitor/out/downloads/URMC/CM.URMC.00.HHZ__20191224T185959Z__20191224T205959Z.mseed,CM.URMC.00.HH,6,1.965125602997957e-06
20191224.195855.72-S-CM.URMC.00.HH,2019-12-24 19:58:55.728393,0.47,S,CM,URMC,00,HH,EQTransformer,2023-01-18 10:13:58.564482,2019-12-24 19:58:51.558393,2019-12-24 19:58:57.538393,0.91,15.6,3.24719,-74.37879,725.0,/home/emmanuel/SeisMonitor/out/downloads/URMC/CM.URMC.00.HHZ__20191224T185959Z__20191224T205959Z.mseed,CM.URMC.00.HH,6,2.4283749093416853e-06
20191224.195906.53-P-CM.ORTC.00.HH,2019-12-24 19:59:06.538393,0.73,P,CM,ORTC,00,HH,EQTransformer,2023-01-18 10:13:58.487156,2019-12-24 19:59:06.398393,2019-12-24 19:59:28.248393,0.98,20.3,3.909,-75.246,446.0,/home/emmanuel/SeisMonitor/out/downloads/ORTC/CM.ORTC.00.HHN__20191224T185959Z__20191224T205959Z.mseed,CM.ORTC.00.HH,6,8.232169860340049e-06
20191224.195908.63-P-CM.CHI.00.HH,2019-12-24 19:59:08.638394,0.52,P,CM,CHI,00,HH,EQTransformer,2023-01-18 10:13:58.487156,2019-12-24 19:59:08.498394,2019-12-24 19:59:33.358394,0.94,19.3,4.6295,-73.7371,3140.0,/home/emmanuel/SeisMonitor/out/downloads/CHI/CM.CHI.00.HHE__20191224T185959Z__20191224T205959Z.mseed,CM.CHI.00.HH,6,1.083986087858577e-05
20191224.195921.83-S-CM.ORTC.00.HH,2019-12-24 19:59:21.838393,0.51,S,CM,ORTC,00,HH,EQTransformer,2023-01-18 10:13:58.564482,2019-12-24 19:59:06.398393,2019-12-24 19:59:28.248393,0.98,8.7,3.909,-75.246,446.0,/home/emmanuel/SeisMonitor/out/downloads/ORTC/CM.ORTC.00.HHN__20191224T185959Z__20191224T205959Z.mseed,CM.ORTC.00.HH,6,7.70645104884309e-06
20191224.195926.26-S-CM.CHI.00.HH,2019-12-24 19:59:26.268394,0.18,S,CM,CHI,00,HH,EQTransformer,2023-01-18 10:13:58.564482,2019-12-24 19:59:08.498394,2019-12-24 19:59:33.358394,0.94,7.5,4.6295,-73.7371,3140.0,/home/emmanuel/SeisMonitor/out/downloads/CHI/CM.CHI.00.HHE__20191224T185959Z__20191224T205959Z.mseed,CM.CHI.00.HH,6,3.2489015124753175e-06
20191224.194956.20-P-CM.ORTC.00.HH,2019-12-24 19:49:56.208393,0.65,P,CM,ORTC,00,HH,EQTransformer,2023-01-18 10:13:58.487156,2019-12-24 19:49:56.038393,2019-12-24 19:50:19.838393,0.74,7.5,3.909,-75.246,446.0,/home/emmanuel/SeisMonitor/out/downloads/ORTC/CM.ORTC.00.HHN__20191224T185959Z__20191224T205959Z.mseed,CM.ORTC.00.HH,7,1.965125602997957e-06
20191224.194958.39-P-CM.CHI.00.HH,2019-12-24 19:49:58.398394,0.61,P,CM,CHI,00,HH,EQTransformer,2023-01-18 10:13:58.487156,2019-12-24 19:49:58.158394,2019-12-24 19:50:23.708394,0.89,12.7,4.6295,-73.7371,3140.0,/home/emmanuel/SeisMonitor/out/downloads/CHI/CM.CHI.00.HHE__20191224T185959Z__20191224T205959Z.mseed,CM.CHI.00.HH,7,2.4283749093416853e-06
20191224.195010.68-S-CM.URMC.00.HH,2019-12-24 19:50:10.688393,0.67,S,CM,URMC,00,HH,EQTransformer,2023-01-18 10:13:58.564482,2019-12-24 19:50:07.058393,2019-12-24 19:50:12.308393,0.93,12.2,3.24719,-74.37879,725.0,/home/emmanuel/SeisMonitor/out/downloads/URMC/CM.URMC.00.HHZ__20191224T185959Z__20191224T205959Z.mseed,CM.URMC.00.HH,7,8.232169860340049e-06
20191224.195012.33-S-CM.ORTC.00.HH,2019-12-24 19:50:12.338393,0.19,S,CM,ORTC,00,HH,EQTransformer,2023-01-18 10:13:58.564482,2019-12-24 19:49:56.038393,2019-12-24 19:50:19.838393,0.74,0.9,3.909,-75.246,446.0,/home/emmanuel/SeisMonitor/out/downloads/ORTC/CM.ORTC.00.HHN__20191224T185959Z__20191224T205959Z.mseed,CM.ORTC.00.HH,7,1.083986087858577e-05
20191224.195016.21-S-CM.CHI.00.HH,2019-12-24 19:50:16.218394,0.4,S,CM,CHI,00,HH,EQTransformer,2023-01-18 10:13:58.564482,2019-12-24 19:49:58.158394,2019-12-24 19:50:23.708394,0.89,5.1,4.6295,-73.7371,3140.0,/home/emmanuel/SeisMonitor/out/downloads/CHI/CM.CHI.00.HHE__20191224T185959Z__20191224T205959Z.mseed,CM.CHI.00.HH,7,7.70645104884309e-06
20191224.194815.19-P-CM.URMC.00.HH,2019-12-24 19:48:15.198393,0.34,P,CM,URMC,00,HH,EQTransformer,2023-01-18 10:13:58.487156,2019-12-24 19:48:13.378393,2019-12-24 19:48:20.828393,0.77,3.3,3.24719,-74.37879,725.0,/home/emmanuel/SeisMonitor/out/downloads/URMC/CM.URMC.00.HHZ__20191224T185959Z__20191224T205959Z.mseed,CM.URMC.00.HH,8,1.965125602997957e-06
20191224.194818.93-S-CM.URMC.00.HH,2019-12-24 19:48:18.938393,0.64,S,CM,URMC,00,HH,EQTransformer,2023-01-18 10:13:58.564482,2019-12-24 19:48:13.378393,2019-12-24 19:48:20.828393,0.77,14.9,3.24719,-74.37879,725.0,/home/emmanuel/SeisMonitor/out/downloads/URMC/CM.URMC.00.HHZ__20191224T185959Z__20191224T205959Z.mseed,CM.URMC.00.HH,8,2.4283749093416853e-06
20191224.194830.48-P-CM.ORTC.00.HH,2019-12-24 19:48:30.488393,0.68,P,CM,ORTC,00,HH,EQTransformer,2023-01-18 10:13:58.487156,2019-12-24 19:48:30.298393,2019-12-24 19:48:52.308393,0.97,12.3,3.909,-75.246,446.0,/home/emmanuel/SeisMonitor/out/downloads/ORTC/CM.ORTC.00.HHN__20191224T185959Z__20191224T205959Z.mseed,CM.ORTC.00.HH,8,8.232169860340049e-06
20191224.194832.81-P-CM.CHI.00.HH,2019-12-24 19:48:32.818394,0.46,P,CM,CHI,00,HH,EQTransformer,2023-01-18 10:13:58.487156,2019-12-24 19:48:32.448394,2019-12-24 19:48:58.208394,0.92,10.1,4.6295,-73.7371,3140.0,/home/emmanuel/SeisMonitor/out/downloads/CHI/CM.CHI.00.HHE__20191224T185959Z__20191224T205959Z.mseed,CM.CHI.00.HH,8,1.083986087858577e-05
20191224.194845.86-S-CM.ORTC.00.HH,2019-12-24 19:48:45.868393,0.6,S,CM,ORTC,00,HH,EQTransformer,2023-01-18 10:13:58.564482,2019-12-24 19:48:30.298393,2019-12-24 19:48:52.308393,0.97,6.1,3.909,-75.246,446.0,/home/emmanuel/SeisMonitor/out/downloads/ORTC/CM.ORTC.00.HHN__20191224T185959Z__20191224T205959Z.mseed,CM.ORTC.00.HH,8,7.70645104884309e-06
20191224.194850.79-S-CM.CHI.00.HH,2019-12-24 19:48:50.798394,0.24,S,CM,CHI,00,HH,EQTransformer,2023-01-18 10:13:58.564482,2019-12-24 19:48:32.448394,2019-12-24 19:48:58.208394,0.92,5.2,4.6295,-73.7371,3140.0,/home/emmanuel/SeisMonitor/out/downloads/CHI/CM.CHI.00.HHE__20191224T185959Z__20191224T205959Z.mseed,CM.CHI.00.HH,8,3.2489015124753175e-06
20191224.200311.11-P-CM.URMC.00.HH,2019-12-24 20:03:11.118393,0.76,P,CM,URMC,00,HH,EQTransformer,2023-01-18 10:13:58.487156,2019-12-24 20:03:10.968393,2019-12-24 20:03:16.588393,0.6,23.6,3.24719,-74.37879,725.0,/home/emmanuel/SeisMonitor/out/downloads/URMC/CM.URMC.00.HHZ__20191224T185959Z__20191224T205959Z.mseed,CM.URMC.00.HH,9,1.965125602997957e-06
20191224.200315.02-S-CM.URMC.00.HH,2019-12-24 20:03:15.028393,0.49,S,CM,URMC,00,HH,EQTransformer,2023-01-18 10:13:58.564482,2019-12-24 20:03:10.968393,2019-12-24 20:03:16.588393,0.6,13.8,3.24719,-74.37879,725.0,/home/emmanuel/SeisMonitor/out/downloads/URMC/CM.URMC.00.HHZ__20191224T185959Z__20191224T205959Z.mseed,CM.URMC.00.HH,9,2.4283749093416853e-06
20191224.200326.36-P-CM.ORTC.00.HH,2019-12-24 20:03:26.368393,0.16,P,CM,ORTC,00,HH,EQTransformer,2023-01-18 10:13:58.487156,2019-12-24 20:03:25.908393,2019-12-24 20:03:51.248393,0.75,0.9,3.909,-75.246,446.0,/home/emmanuel/SeisMonitor/out/downloads/ORTC/CM.ORTC.00.HHN__20191224T185959Z__20191224T205959Z.mseed,CM.ORTC.00.HH,9,8.232169860340049e-06
20191224.200328.18-P-CM.CHI.00.HH,2019-12-24 20:03:28.188394,0.34,P,CM,CHI,00,HH,EQTransformer,2023-01-18 10:13:58.487156,2019-12-24 20:03:27.898394,2019-12-24 20:03:53.638394,0.85,5.2,4.6295,-73.7371,3140.0,/home/emmanuel/SeisMonitor/out/downloads/CHI/CM.CHI.00.HHE__20191224T185959Z__20191224T205959Z.mseed,CM.CHI.00.HH,9,1.083986087858577e-05
20191224.200341.89-S-CM.ORTC.00.HH,2019-12-24 20:03:41.898393,0.26,S,CM,ORTC,00,HH,EQTransformer,2023-01-18 10:13:58.564482,2019-12-24 20:03:25.908393,2019-12-24 20:03:51.248393,0.75,3.5,3.909,-75.246,446.0,/home/emmanuel/SeisMonitor/out/downloads/ORTC/CM.ORTC.00.HHN__20191224T185959Z__20191224T205959Z.mseed,CM.ORTC.00.HH,9,7.70645104884309e-06
20191224.200345.89-S-CM.CHI.00.HH,2019-12-24 20:03:45.898394,0.38,S,CM,CHI,00,HH,EQTransformer,2023-01-18 10:13:58.564482,2019-12-24 20:03:27.898394,2019-12-24 20:03:53.638394,0.85,1.9,4.6295,-73.7371,3140.0,/home/emmanuel/SeisMonitor/out/downloads/CHI/CM.CHI.00.HHE__20191224T185959Z__20191224T205959Z.mseed,CM.CHI.00.HH,9,3.2489015124753175e-06
20191224.201119.38-P-CM.URMC.00.HH,2019-12-24 20:11:19.388393,0.1,P,CM,URMC,00,HH,EQTransformer,2023-01-18 10:13:58.487156,2019-12-24 20:11:19.308393,2019-12-24 20:11:20.888393,0.16,43.6,3.24719,-74.37879,725.0,/home/emmanuel/SeisMonitor/out/downloads/URMC/CM.URMC.00.HHZ__20191224T185959Z__20191224T205959Z.mseed,CM.URMC.00.HH,10,1.965125602997957e-06
20191224.201124.02-S-CM.URMC.00.HH,2019-12-24 20:11:24.028393,0.06,S,CM,URMC,00,HH,EQTransformer,2023-01-18 10:13:58.564482,2019-12-24 20:11:21.478393,2019-12-24 20:11:25.688393,0.29,,3.24719,-74.37879,725.0,/home/emmanuel/SeisMonitor/out/downloads/URMC/CM.URMC.00.HHZ__20191224T185959Z__20191224T205959Z.mseed,CM.URMC.00.HH,10,2.4283749093416853e-06
20191224.201134.93-P-CM.ORTC.00.HH,2019-12-24 20:11:34.938393,0.84,P,CM,ORTC,00,HH,EQTransformer,2023-01-18 10:13:58.487156,2019-12-24 20:11:34.748393,2019-12-24 20:12:03.548393,0.93,34.2,3.909,-75.246,446.0,/home/emmanuel/SeisMonitor/out/downloads/ORTC/CM.ORTC.00.HHN__20191224T185959Z__20191224T205959Z.mseed,CM.ORTC.00.HH,10,8.232169860340049e-06
20191224.201136.99-P-CM.CHI.00.HH,2019-12-24 20:11:36.998394,0.75,P,CM,CHI,00,HH,EQTransformer,2023-01-18 10:13:58.487156,2019-12-24 20:11:36.678394,2019-12-24 20:12:03.668394,0.95,37.4,4.6295,-73.7371,3140.0,/home/emmanuel/SeisMonitor/out/downloads/CHI/CM.CHI.00.HHE__20191224T185959Z__20191224T205959Z.mseed,CM.CHI.00.HH,10,1.083986087858577e-05
20191224.201150.02-S-CM.ORTC.00.HH,2019-12-24 20:11:50.028393,0.03,S,CM,ORTC,00,HH,EQTransformer,2023-01-18 10:13:58.564482,2019-12-24 20:11:34.748393,2019-12-24 20:12:03.548393,0.93,3.0,3.909,-75.246,446.0,/home/emmanuel/SeisMonitor/out/downloads/ORTC/CM.ORTC.00.HHN__20191224T185959Z__20191224T205959Z.mseed,CM.ORTC.00.HH,10,7.70645104884309e-06
20191224.201155.37-S-CM.CHI.00.HH,2019-12-24 20:11:55.378394,0.28,S,CM,CHI,00,HH,EQTransformer,2023-01-18 10:13:58.564482,2019-12-24 20:11:36.678394,2019-12-24 20:12:03.668394,0.95,5.5,4.6295,-73.7371,3140.0,/home/emmanuel/SeisMonitor/out/downloads/CHI/CM.CHI.00.HHE__20191224T185959Z__20191224T205959Z.mseed,CM.CHI.00.HH,10,3.2489015124753175e-06
20191224.201327.49-P-CM.URMC.00.HH,2019-12-24 20:13:27.498393,0.8,P,CM,URMC,00,HH,EQTransformer,2023-01-18 10:13:58.487156,2019-12-24 20:13:27.438393,2019-12-24 20:13:32.958393,0.91,22.1,3.24719,-74.37879,725.0,/home/emmanuel/SeisMonitor/out/downloads/URMC/CM.URMC.00.HHZ__20191224T185959Z__20191224T205959Z.mseed,CM.URMC.00.HH,11,1.965125602997957e-06
20191224.201331.23-S-CM.URMC.00.HH,2019-12-24 20:13:31.238393,0.45,S,CM,URMC,00,HH,EQTransformer,2023-01-18 10:13:58.564482,2019-12-24 20:13:27.438393,2019-12-24 20:13:32.958393,0.91,13.5,3.24719,-74.37879,725.0,/home/emmanuel/SeisMonitor/out/downloads/URMC/CM.URMC.00.HHZ__20191224T185959Z__20191224T205959Z.mseed,CM.URMC.00.HH,11,2.4283749093416853e-06
20191224.201343.28-P-CM.ORTC.00.HH,2019-12-24 20:13:43.288393,0.6,P,CM,ORTC,00,HH,EQTransformer,2023-01-18 10:13:58.487156,2019-12-24 20:13:43.018393,2019-12-24 20:14:11.218393,0.97,5.9,3.909,-75.246,446.0,/home/emmanuel/SeisMonitor/out/downloads/ORTC/CM.ORTC.00.HHN__20191224T185959Z__20191224T205959Z.mseed,CM.ORTC.00.HH,11,8.232169860340049e-06
20191224.201345.60-P-CM.CHI.00.HH,2019-12-24 20:13:45.608394,0.52,P,CM,CHI,00,HH,EQTransformer,2023-01-18 10:13:58.487156,2019-12-24 20:13:45.298394,2019-12-24 20:14:11.478394,0.92,3.3,4.6295,-73.7371,3140.0,/home/emmanuel/SeisMonitor/out/downloads/CHI/CM.CHI.00.HHE__20191224T185959Z__20191224T205959Z.mseed,CM.CHI.00.HH,11,1.083986087858577e-05
20191224.201403.12-S-CM.ORTC.00.HH,2019-12-24 20:14:03.128393,0.42,S,CM,ORTC,00,HH,EQTransformer,2023-01-18 10:13:58.564482,2019-12-24 20:13:43.018393,2019-12-24 20:14:11.218393,0.97,9.8,3.909,-75.246,446.0,/home/emmanuel/SeisMonitor/out/downloads/ORTC/CM.ORTC.00.HHN__20191224T185959Z__20191224T205959Z.mseed,CM.ORTC.00.HH,11,7.70645104884309e-06
20191224.201403.76-S-CM.CHI.00.HH,2019-12-24 20:14:03.768394,0.49,S,CM,CHI,00,HH,EQTransformer,2023-01-18 10:13:58.564482,2019-12-24 20:13:45.298394,2019-12-24 20:14:11.478394,0.92,5.0,4.6295,-73.7371,3140.0,/home/emmanuel/SeisMonitor/out/downloads/CHI/CM.CHI.00.HHE__20191224T185959Z__20191224T205959Z.mseed,CM.CHI.00.HH,11,3.2489015124753175e-06
20191224.202331.40-P-CM.URMC.00.HH,2019-12-24 20:23:31.408393,0.27,P,CM,URMC,00,HH,EQTransformer,2023-01-18 10:13:58.487156,2019-12-24 20:23:31.198393,2019-12-24 20:23:36.968393,0.9,22.3,3.24719,-74.37879,725.0,/home/emmanuel/SeisMonitor/out/downloads/URMC/CM.URMC.00.HHZ__20191224T185959Z__20191224T205959Z.mseed,CM.URMC.00.HH,12,1.965125602997957e-06
20191224.202335.14-S-CM.URMC.00.HH,2019-12-24 20:23:35.148393,0.62,S,CM,URMC,00,HH,EQTransformer,2023-01-18 10:13:58.564482,2019-12-24 20:23:31.198393,2019-12-24 20:23:36.968393,0.9,13.1,3.24719,-74.37879,725.0,/home/emmanuel/SeisMonitor/out/downloads/URMC/CM.URMC.00.HHZ__20191224T185959Z__20191224T205959Z.mseed,CM.URMC.00.HH,12,2.4283749093416853e-06
20191224.202347.32-P-CM.ORTC.00.HH,2019-12-24 20:23:47.328393,0.55,P,CM,ORTC,00,HH,EQTransformer,2023-01-18 10:13:58.487156,2019-12-24 20:23:47.048393,2019-12-24 20:24:10.168393,0.67,23.0,3.909,-75.246,446.0,/home/emmanuel/SeisMonitor/out/downloads/ORTC/CM.ORTC.00.HHN__20191224T185959Z__20191224T205959Z.mseed,CM.ORTC.00.HH,12,8.232169860340049e-06
20191224.202349.05-P-CM.CHI.00.HH,2019-12-24 20:23:49.058394,0.11,P,CM,CHI,00,HH,EQTransformer,2023-01-18 10:13:58.487156,2019-12-24 20:23:48.618394,2019-12-24 20:23:59.608394,0.17,23.8,4.6295,-73.7371,3140.0,/home/emmanuel/SeisMonitor/out/downloads/CHI/CM.CHI.00.HHE__20191224T185959Z__20191224T205959Z.mseed,CM.CHI.00.HH,12,1.083986087858577e-05
20191224.202403.11-S-CM.ORTC.00.HH,2019-12-24 20:24:03.118393,0.17,S,CM,ORTC,00,HH,EQTransformer,2023-01-18 10:13:58.564482,2019-12-24 20:23:47.048393,2019-12-24 20:24:10.168393,0.67,2.7,3.909,-75.246,446.0,/home/emmanuel/SeisMonitor/out/downloads/ORTC/CM.ORTC.00.HHN__20191224T185959Z__20191224T205959Z.mseed,CM.ORTC.00.HH,12,7.70645104884309e-06
20191224.203216.25-P-CM.URMC.00.HH,2019-12-24 20:32:16.258393,0.72,P,CM,URMC,00,HH,EQTransformer,2023-01-18 10:13:58.487156,2019-12-24 20:32:16.098393,2019-12-24 20:32:22.578393,0.54,18.9,3.24719,-74.37879,725.0,/home/emmanuel/SeisMonitor/out/downloads/URMC/CM.URMC.00.HHZ__20191224T185959Z__20191224T205959Z.mseed,CM.URMC.00.HH,13,1.965125602997957e-06
20191224.203220.39-S-CM.URMC.00.HH,2019-12-24 20:32:20.398393,0.15,S,CM,URMC,00,HH,EQTransformer,2023-01-18 10:13:58.564482,2019-12-24 20:32:16.098393,2019-12-24 20:32:22.578393,0.54,11.9,3.24719,-74.37879,725.0,/home/emmanuel/SeisMonitor/out/downloads/URMC/CM.URMC.00.HHZ__20191224T185959Z__20191224T205959Z.mseed,CM.URMC.00.HH,13,2.4283749093416853e-06
20191224.203230.99-P-CM.ORTC.00.HH,2019-12-24 20:32:30.998393,0.86,P,CM,ORTC,00,HH,EQTransformer,2023-01-18 10:13:58.487156,2019-12-24 20:32:30.888393,2019-12-24 20:32:53.298393,0.97,5.4,3.909,-75.246,446.0,/home/emmanuel/SeisMonitor/out/downloads/ORTC/CM.ORTC.00.HHN__20191224T185959Z__20191224T205959Z.mseed,CM.ORTC.00.HH,13,8.232169860340049e-06
20191224.203232.98-P-CM.CHI.00.HH,2019-12-24 20:32:32.988394,0.9,P,CM,CHI,00,HH,EQTransformer,2023-01-18 10:13:58.487156,2019-12-24 20:32:32.918394,2019-12-24 20:32:57.748394,0.95,7.5,4.6295,-73.7371,3140.0,/home/emmanuel/SeisMonitor/out/downloads/CHI/CM.CHI.00.HHE__20191224T185959Z__20191224T205959Z.mseed,CM.CHI.00.HH,13,1.083986087858577e-05
20191224.203246.69-S-CM.ORTC.00.HH,2019-12-24 20:32:46.698393,0.47,S,CM,ORTC,00,HH,EQTransformer,2023-01-18 10:13:58.564482,2019-12-24 20:32:30.888393,2019-12-24 20:32:53.298393,0.97,2.3,3.909,-75.246,446.0,/home/emmanuel/SeisMonitor/out/downloads/ORTC/CM.ORTC.00.HHN__20191224T185959Z__20191224T205959Z.mseed,CM.ORTC.00.HH,13,7.70645104884309e-06
20191224.203248.60-S-CM.CHI.00.HH,2019-12-24 20:32:48.608394,0.02,S,CM,CHI,00,HH,EQTransformer,2023-01-18 10:13:58.564482,2019-12-24 20:32:32.918394,2019-12-24 20:32:57.748394,0.95,-0.2,4.6295,-73.7371,3140.0,/home/emmanuel/SeisMonitor/out/downloads/CHI/CM.CHI.00.HHE__20191224T185959Z__20191224T205959Z.mseed,CM.CHI.00.HH,13,3.2489015124753175e-06
20191224.203917.61-P-CM.URMC.00.HH,2019-12-24 20:39:17.618393,0.07,P,CM,URMC,00,HH,EQTransformer,2023-01-18 10:13:58.487156,2019-12-24 20:39:17.958393,2019-12-24 20:39:29.228393,0.2,9.7,3.24719,-74.37879,725.0,/home/emmanuel/SeisMonitor/out/downloads/URMC/CM.URMC.00.HHZ__20191224T185959Z__20191224T205959Z.mseed,CM.URMC.00.HH,14,1.965125602997957e-06
20191224.203921.50-S-CM.URMC.00.HH,2019-12-24 20:39:21.508393,0.06,S,CM,URMC,00,HH,EQTransformer,2023-01-18 10:13:58.564482,2019-12-24 20:39:17.958393,2019-12-24 20:39:29.228393,0.2,11.4,3.24719,-74.37879,725.0,/home/emmanuel/SeisMonitor/out/downloads/URMC/CM.URMC.00.HHZ__20191224T185959Z__20191224T205959Z.mseed,CM.URMC.00.HH,14,2.4283749093416853e-06
20191224.203933.92-P-CM.ORTC.00.HH,2019-12-24 20:39:33.928393,0.16,P,CM,ORTC,00,HH,EQTransformer,2023-01-18 10:13:58.487156,2019-12-24 20:39:27.678393,2019-12-24 20:40:02.518393,0.54,3.5,3.909,-75.246,446.0,/home/emmanuel/SeisMonitor/out/downloads/ORTC/CM.ORTC.00.HHN__20191224T185959Z__20191224T205959Z.mseed,CM.ORTC.00.HH,14,8.232169860340049e-06
20191224.203935.89-P-CM.CHI.00.HH,2019-12-24 20:39:35.898394,0.02,P,CM,CHI,00,HH,EQTransformer,2023-01-18 10:13:58.487156,2019-12-24 20:39:35.458394,2019-12-24 20:39:40.968394,0.13,5.2,4.6295,-73.7371,3140.0,/home/emmanuel/SeisMonitor/out/downloads/CHI/CM.CHI.00.HHE__20191224T185959Z__20191224T205959Z.mseed,CM.CHI.00.HH,14,1.083986087858577e-05
20191224.203953.10-S-CM.ORTC.00.HH,2019-12-24 20:39:53.108393,0.46,S,CM,ORTC,00,HH,EQTransformer,2023-01-18 10:13:58.564482,2019-12-24 20:39:27.678393,2019-12-24 20:40:02.518393,0.54,6.4,3.909,-75.246,446.0,/home/emmanuel/SeisMonitor/out/downloads/ORTC/CM.ORTC.00.HHN__20191224T185959Z__20191224T205959Z.mseed,CM.ORTC.00.HH,14,7.70645104884309e-06
20191224.203953.66-S-CM.CHI.00.HH,2019-12-24 20:39:53.668394,0.02,S,CM,CHI,00,HH,EQTransformer,2023-01-18 10:13:58.564482,2019-12-24 20:39:42.698394,2019-12-24 20:40:03.638394,0.15,,4.6295,-73.7371,3140.0,/home/emmanuel/SeisMonitor/out/downloads/CHI/CM.CHI.00.HHE__20191224T185959Z__20191224T205959Z.mseed,CM.CHI.00.HH,14,3.2489015124753175e-06
20191224.205041.80-P-CM.URMC.00.HH,2019-12-24 20:50:41.808393,0.22,P,CM,URMC,00,HH,EQTransformer,2023-01-18 10:13:58.487156,2019-12-24 20:50:41.758393,2019-12-24 20:50:47.128393,0.15,25.3,3.24719,-74.37879,725.0,/home/emmanuel/SeisMonitor/out/downloads/URMC/CM.URMC.00.HHZ__20191224T185959Z__20191224T205959Z.mseed,CM.URMC.00.HH,15,1.965125602997957e-06
20191224.205045.77-S-CM.URMC.00.HH,2019-12-24 20:50:45.778393,0.13,S,CM,URMC,00,HH,EQTransformer,2023-01-18 10:13:58.564482,2019-12-24 20:50:41.758393,2019-12-24 20:50:47.128393,0.15,13.5,3.24719,-74.37879,725.0,/home/emmanuel/SeisMonitor/out/downloads/URMC/CM.URMC.00.HHZ__20191224T185959Z__20191224T205959Z.mseed,CM.URMC.00.HH,15,2.4283749093416853e-06
20191224.205059.93-P-CM.CHI.00.HH,2019-12-24 20:50:59.938394,0.36,P,CM,CHI,00,HH,EQTransformer,2023-01-18 10:13:58.487156,2019-12-24 20:50:59.238394,2019-12-24 20:51:25.508394,0.64,8.1,4.6295,-73.7371,3140.0,/home/emmanuel/SeisMonitor/out/downloads/CHI/CM.CHI.00.HHE__20191224T185959Z__20191224T205959Z.mseed,CM.CHI.00.HH,15,8.232169860340049e-06
20191224.205107.52-S-CM.ORTC.00.HH,2019-12-24 20:51:07.528393,0.02,S,CM,ORTC,00,HH,EQTransformer,2023-01-18 10:13:58.564482,2019-12-24 20:50:56.948393,2019-12-24 20:51:19.388393,0.9,0.9,3.909,-75.246,446.0,/home/emmanuel/SeisMonitor/out/downloads/ORTC/CM.ORTC.00.HHN__20191224T185959Z__20191224T205959Z.mseed,CM.ORTC.00.HH,15,1.083986087858577e-05
20191224.205117.99-S-CM.CHI.00.HH,2019-12-24 20:51:17.998394,0.22,S,CM,CHI,00,HH,EQTransformer,2023-01-18 10:13:58.564482,2019-12-24 20:50:59.238394,2019-12-24 20:51:25.508394,0.64,3.4,4.6295,-73.7371,3140.0,/home/emmanuel/SeisMonitor/out/downloads/CHI/CM.CHI.00.HHE__20191224T185959Z__20191224T205959Z.mseed,CM.CHI.00.HH,15,7.70645104884309e-06
20191224.211039.91-P-CM.URMC.00.HH,2019-12-24 21:10:39.918393,0.84,P,CM,URMC,00,HH,EQTransformer,2023-01-18 10:13:58.487156,2019-12-24 21:10:39.778393,2019-12-24 21:10:46.088393,0.94,30.3,3.24719,-74.37879,725.0,/home/emmanuel/SeisMonitor/out/downloads/URMC/CM.URMC.00.HHN__20191224T205959Z__20191224T225959Z.mseed,CM.URMC.00.HH,16,1.965125602997957e-06
20191224.211044.16-S-CM.URMC.00.HH,2019-12-24 21:10:44.168393,0.49,S,CM,URMC,00,HH,EQTransformer,2023-01-18 10:13:58.564482,2019-12-24 21:10:39.778393,2019-12-24 21:10:46.088393,0.94,10.5,3.24719,-74.37879,725.0,/home/emmanuel/SeisMonitor/out/downloads/URMC/CM.URMC.00.HHN__20191224T205959Z__20191224T225959Z.mseed,CM.URMC.00.HH,16,2.4283749093416853e-06
20191224.211055.14-P-CM.ORTC.00.HH,2019-12-24 21:10:55.148393,0.85,P,CM,ORTC,00,HH,EQTransformer,2023-01-18 10:13:58.487156,2019-12-24 21:10:54.988393,2019-12-24 21:11:18.168393,0.84,24.6,3.909,-75.246,446.0,/home/emmanuel/SeisMonitor/out/downloads/ORTC/CM.ORTC.00.HHZ__20191224T205959Z__20191224T225959Z.mseed,CM.ORTC.00.HH,16,8.232169860340049e-06
20191224.211056.80-P-CM.CHI.00.HH,2019-12-24 21:10:56.808393,0.69,P,CM,CHI,00,HH,EQTransformer,2023-01-18 10:13:58.487156,2019-12-24 21:10:56.658393,2019-12-24 21:11:20.918393,0.58,19.0,4.6295,-73.7371,3140.0,/home/emmanuel/SeisMonitor/out/downloads/CHI/CM.CHI.00.HHN__20191224T205959Z__20191224T225959Z.mseed,CM.CHI.00.HH,16,1.083986087858577e-05
20191224.211110.89-S-CM.ORTC.00.HH,2019-12-24 21:11:10.898393,0.37,S,CM,ORTC,00,HH,EQTransformer,2023-01-18 10:13:58.564482,2019-12-24 21:10:54.988393,2019-12-24 21:11:18.168393,0.84,5.9,3.909,-75.246,446.0,/home/emmanuel/SeisMonitor/out/downloads/ORTC/CM.ORTC.00.HHZ__20191224T205959Z__20191224T225959Z.mseed,CM.ORTC.00.HH,16,7.70645104884309e-06
20191224.211113.40-S-CM.CHI.00.HH,2019-12-24 21:11:13.408393,0.11,S,CM,CHI,00,HH,EQTransformer,2023-01-18 10:13:58.564482,2019-12-24 21:10:56.658393,2019-12-24 21:11:20.918393,0.58,1.2,4.6295,-73.7371,3140.0,/home/emmanuel/SeisMonitor/out/downloads/CHI/CM.CHI.00.HHN__20191224T205959Z__20191224T225959Z.mseed,CM.CHI.00.HH,16,3.2489015124753175e-06
20191224.211729.38-P-CM.URMC.00.HH,2019-12-24 21:17:29.388393,0.69,P,CM,URMC,00,HH,EQTransformer,2023-01-18 10:13:58.487156,2019-12-24 21:17:29.218393,2019-12-24 21:17:34.558393,0.65,32.2,3.24719,-74.37879,725.0,/home/emmanuel/SeisMonitor/out/downloads/URMC/CM.URMC.00.HHN__20191224T205959Z__20191224T225959Z.mseed,CM.URMC.00.HH,17,1.965125602997957e-06
20191224.211732.82-S-CM.URMC.00.HH,2019-12-24 21:17:32.828393,0.36,S,CM,URMC,00,HH,EQTransformer,2023-01-18 10:13:58.564482,2019-12-24 21:17:29.218393,2019-12-24 21:17:34.558393,0.65,7.2,3.24719,-74.37879,725.0,/home/emmanuel/SeisMonitor/out/downloads/URMC/CM.URMC.00.HHN__20191224T205959Z__20191224T225959Z.mseed,CM.URMC.00.HH,17,2.4283749093416853e-06
20191224.211745.40-P-CM.ORTC.00.HH,2019-12-24 21:17:45.408393,0.77,P,CM,ORTC,00,HH,EQTransformer,2023-01-18 10:13:58.487156,2019-12-24 21:17:45.258393,2019-12-24 21:18:13.678393,0.96,19.7,3.909,-75.246,446.0,/home/emmanuel/SeisMonitor/out/downloads/ORTC/CM.ORTC.00.HHZ__20191224T205959Z__20191224T225959Z.mseed,CM.ORTC.00.HH,17,8.232169860340049e-06
20191224.211747.35-P-CM.CHI.00.HH,2019-12-24 21:17:47.358393,0.67,P,CM,CHI,00,HH,EQTransformer,2023-01-18 10:13:58.487156,2019-12-24 21:17:47.068393,2019-12-24 21:18:13.518393,0.91,22.4,4.6295,-73.7371,3140.0,/home/emmanuel/SeisMonitor/out/downloads/CHI/CM.CHI.00.HHN__20191224T205959Z__20191224T225959Z.mseed,CM.CHI.00.HH,17,1.083986087858577e-05
20191224.211805.69-S-CM.CHI.00.HH,2019-12-24 21:18:05.698393,0.3,S,CM,CHI,00,HH,EQTransformer,2023-01-18 10:13:58.564482,2019-12-24 21:17:47.068393,2019-12-24 21:18:13.518393,0.91,2.7,4.6295,-73.7371,3140.0,/home/emmanuel/SeisMonitor/out/downloads/CHI/CM.CHI.00.HHN__20191224T205959Z__20191224T225959Z.mseed,CM.CHI.00.HH,17,7.70645104884309e-06
20191224.212230.05-P-CM.URMC.00.HH,2019-12-24 21:22:30.058393,0.83,P,CM,URMC,00,HH,EQTransformer,2023-01-18 10:13:58.487156,2019-12-24 21:22:29.928393,2019-12-24 21:22:35.028393,0.77,23.1,3.24719,-74.37879,725.0,/home/emmanuel/SeisMonitor/out/downloads/URMC/CM.URMC.00.HHN__20191224T205959Z__20191224T225959Z.mseed,CM.URMC.00.HH,18,1.965125602997957e-06
20191224.212233.51-S-CM.URMC.00.HH,2019-12-24 21:22:33.518393,0.58,S,CM,URMC,00,HH,EQTransformer,2023-01-18 10:13:58.564482,2019-12-24 21:22:29.928393,2019-12-24 21:22:35.028393,0.77,10.9,3.24719,-74.37879,725.0,/home/emmanuel/SeisMonitor/out/downloads/URMC/CM.URMC.00.HHN__20191224T205959Z__20191224T225959Z.mseed,CM.URMC.00.HH,18,2.4283749093416853e-06
20191224.212245.88-P-CM.ORTC.00.HH,2019-12-24 21:22:45.888393,0.03,P,CM,ORTC,00,HH,EQTransformer,2023-01-18 10:13:58.487156,2019-12-24 21:22:45.458393,2019-12-24 21:23:10.878393,0.22,3.8,3.909,-75.246,446.0,/home/emmanuel/SeisMonitor/out/downloads/ORTC/CM.ORTC.00.HHZ__20191224T205959Z__20191224T225959Z.mseed,CM.ORTC.00.HH,18,8.232169860340049e-06
20191224.212248.66-P-CM.CHI.00.HH,2019-12-24 21:22:48.668393,0.09,P,CM,CHI,00,HH,EQTransformer,2023-01-18 10:13:58.487156,2019-12-24 21:22:47.168393,2019-12-24 21:23:14.848393,0.64,6.2,4.6295,-73.7371,3140.0,/home/emmanuel/SeisMonitor/out/downloads/CHI/CM.CHI.00.HHN__20191224T205959Z__20191224T225959Z.mseed,CM.CHI.00.HH,18,1.083986087858577e-05
20191224.212301.80-S-CM.ORTC.00.HH,2019-12-24 21:23:01.808393,0.06,S,CM,ORTC,00,HH,EQTransformer,2023-01-18 10:13:58.564482,2019-12-24 21:22:45.458393,2019-12-24 21:23:10.878393,0.22,2.4,3.909,-75.246,446.0,/home/emmanuel/SeisMonitor/out/downloads/ORTC/CM.ORTC.00.HHZ__20191224T205959Z__20191224T225959Z.mseed,CM.ORTC.00.HH,18,7.70645104884309e-06
20191224.212306.95-S-CM.CHI.00.HH,2019-12-24 21:23:06.958393,0.27,S,CM,CHI,00,HH,EQTransformer,2023-01-18 10:13:58.564482,2019-12-24 21:22:47.168393,2019-12-24 21:23:14.848393,0.64,5.7,4.6295,-73.7371,3140.0,/home/emmanuel/SeisMonitor/out/downloads/CHI/CM.CHI.00.HHN__20191224T205959Z__20191224T225959Z.mseed,CM.CHI.00.HH,18,3.2489015124753175e-06
20191224.212554.25-P-CM.URMC.00.HH,2019-12-24 21:25:54.258393,0.63,P,CM,URMC,00,HH,EQTransformer,2023-01-18 10:13:58.487156,2019-12-24 21:25:54.048393,2019-12-24 21:25:59.618393,0.34,25.6,3.24719,-74.37879,725.0,/home/emmanuel/SeisMonitor/out/downloads/URMC/CM.URMC.00.HHN__20191224T205959Z__20191224T225959Z.mseed,CM.URMC.00.HH,19,1.965125602997957e-06
20191224.212558.20-S-CM.URMC.00.HH,2019-12-24 21:25:58.208393,0.32,S,CM,URMC,00,HH,EQTransformer,2023-01-18 10:13:58.564482,2019-12-24 21:25:54.048393,2019-12-24 21:25:59.618393,0.34,14.0,3.24719,-74.37879,725.0,/home/emmanuel/SeisMonitor/out/downloads/URMC/CM.URMC.00.HHN__20191224T205959Z__20191224T225959Z.mseed,CM.URMC.00.HH,19,2.4283749093416853e-06
20191224.212609.34-P-CM.ORTC.00.HH,2019-12-24 21:26:09.348393,0.74,P,CM,ORTC,00,HH,EQTransformer,2023-01-18 10:13:58.487156,2019-12-24 21:26:09.198393,2019-12-24 21:26:30.928393,0.94,17.4,3.909,-75.246,446.0,/home/emmanuel/SeisMonitor/out/downloads/ORTC/CM.ORTC.00.HHZ__20191224T205959Z__20191224T225959Z.mseed,CM.ORTC.00.HH,19,8.232169860340049e-06
20191224.212611.39-P-CM.CHI.00.HH,2019-12-24 21:26:11.398393,0.39,P,CM,CHI,00,HH,EQTransformer,2023-01-18 10:13:58.487156,2019-12-24 21:26:10.898393,2019-12-24 21:26:39.038393,0.75,18.1,4.6295,-73.7371,3140.0,/home/emmanuel/SeisMonitor/out/downloads/CHI/CM.CHI.00.HHN__20191224T205959Z__20191224T225959Z.mseed,CM.CHI.00.HH,19,1.083986087858577e-05
20191224.212624.64-S-CM.ORTC.00.HH,2019-12-24 21:26:24.648393,0.3,S,CM,ORTC,00,HH,EQTransformer,2023-01-18 10:13:58.564482,2019-12-24 21:26:09.198393,2019-12-24 21:26:30.928393,0.94,3.0,3.909,-75.246,446.0,/home/emmanuel/SeisMonitor/out/downloads/ORTC/CM.ORTC.00.HHZ__20191224T205959Z__20191224T225959Z.mseed,CM.ORTC.00.HH,19,7.70645104884309e-06
20191224.213850.46-P-CM.ORTC.00.HH,2019-12-24 21:38:50.468393,0.59,P,CM,ORTC,00,HH,EQTransformer,2023-01-18 10:13:58.487156,2019-12-24 21:38:50.278393,2019-12-24 21:39:18.718393,0.92,13.4,3.909,-75.246,446.0,/home/emmanuel/SeisMonitor/out/downloads/ORTC/CM.ORTC.00.HHZ__20191224T205959Z__20191224T225959Z.mseed,CM.ORTC.00.HH,20,1.965125602997957e-06
20191224.213850.80-P-CM.URMC.00.HH,2019-12-24 21:38:50.808393,0.03,P,CM,URMC,00,HH,EQTransformer,2023-01-18 10:13:58.487156,2019-12-24 21:38:51.678393,2019-12-24 21:38:52.158393,0.1,23.3,3.24719,-74.37879,725.0,/home/emmanuel/SeisMonitor/out/downloads/URMC/CM.URMC.00.HHN__20191224T205959Z__20191224T225959Z.mseed,CM.URMC.00.HH,20,2.4283749093416853e-06
20191224.213852.52-P-CM.CHI.00.HH,2019-12-24 21:38:52.528393,0.51,P,CM,CHI,00,HH,EQTransformer,2023-01-18 10:13:58.487156,2019-12-24 21:38:52.118393,2019-12-24 21:39:18.538393,0.82,14.5,4.6295,-73.7371,3140.0,/home/emmanuel/SeisMonitor/out/downloads/CHI/CM.CHI.00.HHN__20191224T205959Z__20191224T225959Z.mseed,CM.CHI.00.HH,20,8.232169860340049e-06
20191224.213910.34-S-CM.ORTC.00.HH,2019-12-24 21:39:10.348393,0.53,S,CM,ORTC,00,HH,EQTransformer,2023-01-18 10:13:58.564482,2019-12-24 21:38:50.278393,2019-12-24 21:39:18.718393,0.92,10.8,3.909,-75.246,446.0,/home/emmanuel/SeisMonitor/out/downloads/ORTC/CM.ORTC.00.HHZ__20191224T205959Z__20191224T225959Z.mseed,CM.ORTC.00.HH,20,1.083986087858577e-05
20191224.213910.81-S-CM.CHI.00.HH,2019-12-24 21:39:10.818393,0.29,S,CM,CHI,00,HH,EQTransformer,2023-01-18 10:13:58.564482,2019-12-24 21:38:52.118393,2019-12-24 21:39:18.538393,0.82,4.5,4.6295,-73.7371,3140.0,/home/emmanuel/SeisMonitor/out/downloads/CHI/CM.CHI.00.HHN__20191224T205959Z__20191224T225959Z.mseed,CM.CHI.00.HH,20,7.70645104884309e-06
20191224.214436.40-P-CM.URMC.00.HH,2019-12-24 21:44:36.408393,0.86,P,CM,URMC,00,HH,EQTransformer,2023-01-18 10:13:58.487156,2019-12-24 21:44:36.348393,2019-12-24 21:44:42.008393,0.89,16.8,3.24719,-74.37879,725.0,/home/emmanuel/SeisMonitor/out/downloads/URMC/CM.URMC.00.HHN__20191224T205959Z__20191224T225959Z.mseed,CM.URMC.00.HH,21,1.965125602997957e-06
20191224.214440.02-S-CM.URMC.00.HH,2019-12-24 21:44:40.028393,0.45,S,CM,URMC,00,HH,EQTransformer,2023-01-18 10:13:58.564482,2019-12-24 21:44:36.348393,2019-12-24 21:44:42.008393,0.89,9.0,3.24719,-74.37879,725.0,/home/emmanuel/SeisMonitor/out/downloads/URMC/CM.URMC.00.HHN__20191224T205959Z__20191224T225959Z.mseed,CM.URMC.00.HH,21,2.4283749093416853e-06
20191224.214453.96-P-CM.ORTC.00.HH,2019-12-24 21:44:53.968393,0.17,P,CM,ORTC,00,HH,EQTransformer,2023-01-18 10:13:58.487156,2019-12-24 21:44:52.798393,2019-12-24 21:45:21.038393,0.44,2.0,3.909,-75.246,446.0,/home/emmanuel/SeisMonitor/out/downloads/ORTC/CM.ORTC.00.HHZ__20191224T205959Z__20191224T225959Z.mseed,CM.ORTC.00.HH,21,8.232169860340049e-06
20191224.214454.01-P-CM.CHI.00.HH,2019-12-24 21:44:54.018393,0.27,P,CM,CHI,00,HH,EQTransformer,2023-01-18 10:13:58.487156,2019-12-24 21:44:54.068393,2019-12-24 21:45:21.938393,0.64,2.9,4.6295,-73.7371,3140.0,/home/emmanuel/SeisMonitor/out/downloads/CHI/CM.CHI.00.HHN__20191224T205959Z__20191224T225959Z.mseed,CM.CHI.00.HH,21,1.083986087858577e-05
20191224.214512.55-S-CM.ORTC.00.HH,2019-12-24 21:45:12.558393,0.24,S,CM,ORTC,00,HH,EQTransformer,2023-01-18 10:13:58.564482,2019-12-24 21:44:52.798393,2019-12-24 21:45:21.038393,0.44,6.5,3.909,-75.246,446.0,/home/emmanuel/SeisMonitor/out/downloads/ORTC/CM.ORTC.00.HHZ__20191224T205959Z__20191224T225959Z.mseed,CM.ORTC.00.HH,21,7.70645104884309e-06
20191224.214513.46-S-CM.CHI.00.HH,2019-12-24 21:45:13.468393,0.29,S,CM,CHI,00,HH,EQTransformer,2023-01-18 10:13:58.564482,2019-12-24 21:44:54.068393,2019-12-24 21:45:21.938393,0.64,3.6,4.6295,-73.7371,3140.0,/home/emmanuel/SeisMonitor/out/downloads/CHI/CM.CHI.00.HHN__20191224T205959Z__20191224T225959Z.mseed,CM.CHI.00.HH,21,3.2489015124753175e-06
20191224.214907.11-P-CM.URMC.00.HH,2019-12-24 21:49:07.118393,0.25,P,CM,URMC,00,HH,EQTransformer,2023-01-18 10:13:58.487156,2019-12-24 21:49:06.908393,2019-12-24 21:49:15.148393,0.91,8.8,3.24719,-74.37879,725.0,/home/emmanuel/SeisMonitor/out/downloads/URMC/CM.URMC.00.HHN__20191224T205959Z__20191224T225959Z.mseed,CM.URMC.00.HH,22,1.965125602997957e-06
20191224.214912.69-S-CM.URMC.00.HH,2019-12-24 21:49:12.698393,0.65,S,CM,URMC,00,HH,EQTransformer,2023-01-18 10:13:58.564482,2019-12-24 21:49:06.908393,2019-12-24 21:49:15.148393,0.91,11.1,3.24719,-74.37879,725.0,/home/emmanuel/SeisMonitor/out/downloads/URMC/CM.URMC.00.HHN__20191224T205959Z__20191224T225959Z.mseed,CM.URMC.00.HH,22,2.4283749093416853e-06
20191224.214923.87-P-CM.ORTC.00.HH,2019-12-24 21:49:23.878393,0.77,P,CM,ORTC,00,HH,EQTransformer,2023-01-18 10:13:58.487156,2019-12-24 21:49:23.788393,2019-12-24 21:49:45.538393,0.98,12.2,3.909,-75.246,446.0,/home/emmanuel/SeisMonitor/out/downloads/ORTC/CM.ORTC.00.HHZ__20191224T205959Z__20191224T225959Z.mseed,CM.ORTC.00.HH,22,8.232169860340049e-06
20191224.214926.30-P-CM.CHI.00.HH,2019-12-24 21:49:26.308393,0.04,P,CM,CHI,00,HH,EQTransformer,2023-01-18 10:13:58.487156,2019-12-24 21:49:25.718393,2019-12-24 21:49:53.828393,0.17,2.5,4.6295,-73.7371,3140.0,/home/emmanuel/SeisMonitor/out/downloads/CHI/CM.CHI.00.HHN__20191224T205959Z__20191224T225959Z.mseed,CM.CHI.00.HH,22,1.083986087858577e-05
20191224.214939.13-S-CM.ORTC.00.HH,2019-12-24 21:49:39.138393,0.58,S,CM,ORTC,00,HH,EQTransformer,2023-01-18 10:13:58.564482,2019-12-24 21:49:23.788393,2019-12-24 21:49:45.538393,0.98,8.5,3.909,-75.246,446.0,/home/emmanuel/SeisMonitor/out/downloads/ORTC/CM.ORTC.00.HHZ__20191224T205959Z__20191224T225959Z.mseed,CM.ORTC.00.HH,22,7.70645104884309e-06
20191224.214946.20-S-CM.CHI.00.HH,2019-12-24 21:49:46.208393,0.02,S,CM,CHI,00,HH,EQTransformer,2023-01-18 10:13:58.564482,2019-12-24 21:49:25.718393,2019-12-24 21:49:53.828393,0.17,0.8,4.6295,-73.7371,3140.0,/home/emmanuel/SeisMonitor/out/downloads/CHI/CM.CHI.00.HHN__20191224T205959Z__20191224T225959Z.mseed,CM.CHI.00.HH,22,3.2489015124753175e-06
20191224.220540.40-P-CM.URMC.00.HH,2019-12-24 22:05:40.408393,0.77,P,CM,URMC,00,HH,EQTransformer,2023-01-18 10:13:58.487156,2019-12-24 22:05:40.218393,2019-12-24 22:05:46.328393,0.47,36.1,3.24719,-74.37879,725.0,/home/emmanuel/SeisMonitor/out/downloads/URMC/CM.URMC.00.HHN__20191224T205959Z__20191224T225959Z.mseed,CM.URMC.00.HH,23,1.965125602997957e-06
20191224.220544.57-S-CM.URMC.00.HH,2019-12-24 22:05:44.578393,0.22,S,CM,URMC,00,HH,EQTransformer,2023-01-18 10:13:58.564482,2019-12-24 22:05:40.218393,2019-12-24 22:05:46.328393,0.47,7.1,3.24719,-74.37879,725.0,/home/emmanuel/SeisMonitor/out/downloads/URMC/CM.URMC.00.HHN__20191224T205959Z__20191224T225959Z.mseed,CM.URMC.00.HH,23,2.4283749093416853e-06
20191224.220555.89-P-CM.ORTC.00.HH,2019-12-24 22:05:55.898393,0.85,P,CM,ORTC,00,HH,EQTransformer,2023-01-18 10:13:58.487156,2019-12-24 22:05:55.738393,2019-12-24 22:06:17.728393,0.98,20.6,3.909,-75.246,446.0,/home/emmanuel/SeisMonitor/out/downloads/ORTC/CM.ORTC.00.HHZ__20191224T205959Z__20191224T225959Z.mseed,CM.ORTC.00.HH,23,8.232169860340049e-06
20191224.220557.98-P-CM.CHI.00.HH,2019-12-24 22:05:57.988393,0.89,P,CM,CHI,00,HH,EQTransformer,2023-01-18 10:13:58.487156,2019-12-24 22:05:57.878393,2019-12-24 22:06:22.468393,0.95,23.8,4.6295,-73.7371,3140.0,/home/emmanuel/SeisMonitor/out/downloads/CHI/CM.CHI.00.HHN__20191224T205959Z__20191224T225959Z.mseed,CM.CHI.00.HH,23,1.083986087858577e-05
20191224.220611.29-S-CM.ORTC.00.HH,2019-12-24 22:06:11.298393,0.51,S,CM,ORTC,00,HH,EQTransformer,2023-01-18 10:13:58.564482,2019-12-24 22:05:55.738393,2019-12-24 22:06:17.728393,0.98,5.4,3.909,-75.246,446.0,/home/emmanuel/SeisMonitor/out/downloads/ORTC/CM.ORTC.00.HHZ__20191224T205959Z__20191224T225959Z.mseed,CM.ORTC.00.HH,23,7.70645104884309e-06
20191224.220614.37-S-CM.CHI.00.HH,2019-12-24 22:06:14.378393,0.29,S,CM,CHI,00,HH,EQTransformer,2023-01-18 10:13:58.564482,2019-12-24 22:05:57.878393,2019-12-24 22:06:22.468393,0.95,2.8,4.6295,-73.7371,3140.0,/home/emmanuel/SeisMonitor/out/downloads/CHI/CM.CHI.00.HHN__20191224T205959Z__20191224T225959Z.mseed,CM.CHI.00.HH,23,3.2489015124753175e-06
20191224.222429.85-P-CM.URMC.00.HH,2019-12-24 22:24:29.858393,0.74,P,CM,URMC,00,HH,EQTransformer,2023-01-18 10:13:58.487156,2019-12-24 22:24:29.738393,2019-12-24 22:24:35.788393,0.9,21.2,3.24719,-74.37879,725.0,/home/emmanuel/SeisMonitor/out/downloads/URMC/CM.URMC.00.HHN__20191224T205959Z__20191224T225959Z.mseed,CM.URMC.00.HH,24,1.965125602997957e-06
20191224.222433.89-S-CM.URMC.00.HH,2019-12-24 22:24:33.898393,0.45,S,CM,URMC,00,HH,EQTransformer,2023-01-18 10:13:58.564482,2019-12-24 22:24:29.738393,2019-12-24 22:24:35.788393,0.9,11.0,3.24719,-74.37879,725.0,/home/emmanuel/SeisMonitor/out/downloads/URMC/CM.URMC.00.HHN__20191224T205959Z__20191224T225959Z.mseed,CM.URMC.00.HH,24,2.4283749093416853e-06
20191224.222445.99-P-CM.ORTC.00.HH,2019-12-24 22:24:45.998393,0.88,P,CM,ORTC,00,HH,EQTransformer,2023-01-18 10:13:58.487156,2019-12-24 22:24:45.898393,2019-12-24 22:25:14.788393,0.97,5.3,3.909,-75.246,446.0,/home/emmanuel/SeisMonitor/out/downloads/ORTC/CM.ORTC.00.HHZ__20191224T205959Z__20191224T225959Z.mseed,CM.ORTC.00.HH,24,8.232169860340049e-06
20191224.222448.98-P-CM.CHI.00.HH,2019-12-24 22:24:48.988393,0.4,P,CM,CHI,00,HH,EQTransformer,2023-01-18 10:13:58.487156,2019-12-24 22:24:47.908393,2019-12-24 22:25:13.018393,0.88,3.5,4.6295,-73.7371,3140.0,/home/emmanuel/SeisMonitor/out/downloads/CHI/CM.CHI.00.HHN__20191224T205959Z__20191224T225959Z.mseed,CM.CHI.00.HH,24,1.083986087858577e-05
20191224.222504.30-S-CM.CHI.00.HH,2019-12-24 22:25:04.308393,0.13,S,CM,CHI,00,HH,EQTransformer,2023-01-18 10:13:58.564482,2019-12-24 22:24:47.908393,2019-12-24 22:25:13.018393,0.88,-0.9,4.6295,-73.7371,3140.0,/home/emmanuel/SeisMonitor/out/downloads/CHI/CM.CHI.00.HHN__20191224T205959Z__20191224T225959Z.mseed,CM.CHI.00.HH,24,7.70645104884309e-06
20191224.223336.63-P-CM.URMC.00.HH,2019-12-24 22:33:36.638393,0.8,P,CM,URMC,00,HH,EQTransformer,2023-01-18 10:13:58.487156,2019-12-24 22:33:36.528393,2019-12-24 22:33:42.188393,0.89,19.8,3.24719,-74.37879,725.0,/home/emmanuel/SeisMonitor/out/downloads/URMC/CM.URMC.00.HHN__20191224T205959Z__20191224T225959Z.mseed,CM.URMC.00.HH,25,1.965125602997957e-06
20191224.223340.44-S-CM.URMC.00.HH,2019-12-24 22:33:40.448393,0.54,S,CM,URMC,00,HH,EQTransformer,2023-01-18 10:13:58.564482,2019-12-24 22:33:36.528393,2019-12-24 22:33:42.188393,0.89,15.2,3.24719,-74.37879,725.0,/home/emmanuel/SeisMonitor/out/downloads/URMC/CM.URMC.00.HHN__20191224T205959Z__20191224T225959Z.mseed,CM.URMC.00.HH,25,2.4283749093416853e-06
20191224.223352.02-P-CM.ORTC.00.HH,2019-12-24 22:33:52.028393,0.23,P,CM,ORTC,00,HH,EQTransformer,2023-01-18 10:13:58.487156,2019-12-24 22:33:51.868393,2019-12-24 22:34:19.648393,0.79,-7.8,3.909,-75.246,446.0,/home/emmanuel/SeisMonitor/out/downloads/ORTC/CM.ORTC.00.HHZ__20191224T205959Z__20191224T225959Z.mseed,CM.ORTC.00.HH,25,8.232169860340049e-06
20191224.223354.98-P-CM.CHI.00.HH,2019-12-24 22:33:54.988393,0.39,P,CM,CHI,00,HH,EQTransformer,2023-01-18 10:13:58.487156,2019-12-24 22:33:54.118393,2019-12-24 22:34:23.378393,0.85,4.7,4.6295,-73.7371,3140.0,/home/emmanuel/SeisMonitor/out/downloads/CHI/CM.CHI.00.HHN__20191224T205959Z__20191224T225959Z.mseed,CM.CHI.00.HH,25,1.083986087858577e-05
20191224.223407.74-S-CM.ORTC.00.HH,2019-12-24 22:34:07.748393,0.05,S,CM,ORTC,00,HH,EQTransformer,2023-01-18 10:13:58.564482,2019-12-24 22:33:51.868393,2019-12-24 22:34:19.648393,0.79,12.2,3.909,-75.246,446.0,/home/emmanuel/SeisMonitor/out/downloads/ORTC/CM.ORTC.00.HHZ__20191224T205959Z__20191224T225959Z.mseed,CM.ORTC.00.HH,25,7.70645104884309e-06
20191224.223412.58-S-CM.CHI.00.HH,2019-12-24 22:34:12.588393,0.02,S,CM,CHI,00,HH,EQTransformer,2023-01-18 10:13:58.564482,2019-12-24 22:33:54.118393,2019-12-24 22:34:23.378393,0.85,1.8,4.6295,-73.7371,3140.0,/home/emmanuel/SeisMonitor/out/downloads/CHI/CM.CHI.00.HHN__20191224T205959Z__20191224T225959Z.mseed,CM.CHI.00.HH,25,3.2489015124753175e-06
20191224.224634.19-P-CM.URMC.00.HH,2019-12-24 22:46:34.198393,0.83,P,CM,URMC,00,HH,EQTransformer,2023-01-18 10:13:58.487156,2019-12-24 22:46:34.178393,2019-12-24 22:46:40.238393,0.91,15.5,3.24719,-74.37879,725.0,/home/emmanuel/SeisMonitor/out/downloads/URMC/CM.URMC.00.HHN__20191224T205959Z__20191224T225959Z.mseed,CM.URMC.00.HH,26,1.965125602997957e-06
20191224.224638.11-S-CM.URMC.00.HH,2019-12-24 22:46:38.118393,0.61,S,CM,URMC,00,HH,EQTransformer,2023-01-18 10:13:58.564482,2019-12-24 22:46:34.178393,2019-12-24 22:46:40.238393,0.91,9.5,3.24719,-74.37879,725.0,/home/emmanuel/SeisMonitor/out/downloads/URMC/CM.URMC.00.HHN__20191224T205959Z__20191224T225959Z.mseed,CM.URMC.00.HH,26,2.4283749093416853e-06
20191224.224649.34-P-CM.ORTC.00.HH,2019-12-24 22:46:49.348393,0.48,P,CM,ORTC,00,HH,EQTransformer,2023-01-18 10:13:58.487156,2019-12-24 22:46:49.188393,2019-12-24 22:47:10.978393,0.87,7.9,3.909,-75.246,446.0,/home/emmanuel/SeisMonitor/out/downloads/ORTC/CM.ORTC.00.HHZ__20191224T205959Z__20191224T225959Z.mseed,CM.ORTC.00.HH,26,8.232169860340049e-06
20191224.224652.54-P-CM.CHI.00.HH,2019-12-24 22:46:52.548393,0.13,P,CM,CHI,00,HH,EQTransformer,2023-01-18 10:13:58.487156,2019-12-24 22:46:52.758393,2019-12-24 22:47:07.288393,0.12,3.9,4.6295,-73.7371,3140.0,/home/emmanuel/SeisMonitor/out/downloads/CHI/CM.CHI.00.HHN__20191224T205959Z__20191224T225959Z.mseed,CM.CHI.00.HH,26,1.083986087858577e-05
20191224.224704.63-S-CM.ORTC.00.HH,2019-12-24 22:47:04.638393,0.53,S,CM,ORTC,00,HH,EQTransformer,2023-01-18 10:13:58.564482,2019-12-24 22:46:49.188393,2019-12-24 22:47:10.978393,0.87,3.6,3.909,-75.246,446.0,/home/emmanuel/SeisMonitor/out/downloads/ORTC/CM.ORTC.00.HHZ__20191224T205959Z__20191224T225959Z.mseed,CM.ORTC.00.HH,26,7.70645104884309e-06
20191224.224743.69-P-CM.URMC.00.HH,2019-12-24 22:47:43.698393,0.69,P,CM,URMC,00,HH,EQTransformer,2023-01-18 10:13:58.487156,2019-12-24 22:47:43.548393,2019-12-24 22:47:49.288393,0.45,32.3,3.24719,-74.37879,725.0,/home/emmanuel/SeisMonitor/out/downloads/URMC/CM.URMC.00.HHN__20191224T205959Z__20191224T225959Z.mseed,CM.URMC.00.HH,27,1.965125602997957e-06
20191224.224747.51-S-CM.URMC.00.HH,2019-12-24 22:47:47.518393,0.25,S,CM,URMC,00,HH,EQTransformer,2023-01-18 10:13:58.564482,2019-12-24 22:47:43.548393,2019-12-24 22:47:49.288393,0.45,11.4,3.24719,-74.37879,725.0,/home/emmanuel/SeisMonitor/out/downloads/URMC/CM.URMC.00.HHN__20191224T205959Z__20191224T225959Z.mseed,CM.URMC.00.HH,27,2.4283749093416853e-06
20191224.224759.44-P-CM.ORTC.00.HH,2019-12-24 22:47:59.448393,0.27,P,CM,ORTC,00,HH,EQTransformer,2023-01-18 10:13:58.487156,2019-12-24 22:47:59.338393,2019-12-24 22:48:27.438393,0.98,15.7,3.909,-75.246,446.0,/home/emmanuel/SeisMonitor/out/downloads/ORTC/CM.ORTC.00.HHZ__20191224T205959Z__20191224T225959Z.mseed,CM.ORTC.00.HH,27,8.232169860340049e-06
20191224.224801.78-P-CM.CHI.00.HH,2019-12-24 22:48:01.788393,0.75,P,CM,CHI,00,HH,EQTransformer,2023-01-18 10:13:58.487156,2019-12-24 22:48:01.588393,2019-12-24 22:48:27.818393,0.97,19.2,4.6295,-73.7371,3140.0,/home/emmanuel/SeisMonitor/out/downloads/CHI/CM.CHI.00.HHN__20191224T205959Z__20191224T225959Z.mseed,CM.CHI.00.HH,27,1.083986087858577e-05
20191224.224818.92-S-CM.ORTC.00.HH,2019-12-24 22:48:18.928393,0.18,S,CM,ORTC,00,HH,EQTransformer,2023-01-18 10:13:58.564482,2019-12-24 22:47:59.338393,2019-12-24 22:48:27.438393,0.98,9.7,3.909,-75.246,446.0,/home/emmanuel/SeisMonitor/out/downloads/ORTC/CM.ORTC.00.HHZ__20191224T205959Z__20191224T225959Z.mseed,CM.ORTC.00.HH,27,7.70645104884309e-06
20191224.224820.06-S-CM.CHI.00.HH,2019-12-24 22:48:20.068393,0.31,S,CM,CHI,00,HH,EQTransformer,2023-01-18 10:13:58.564482,2019-12-24 22:48:01.588393,2019-12-24 22:48:27.818393,0.97,5.5,4.6295,-73.7371,3140.0,/home/emmanuel/SeisMonitor/out/downloads/CHI/CM.CHI.00.HHN__20191224T205959Z__20191224T225959Z.mseed,CM.CHI.00.HH,27,3.2489015124753175e-06
